{"accuracy": [0.5447471141815186, 0.8419091105461121, 0.9046162366867065, 0.9340920448303223, 0.9494558572769165, 0.9604381322860718, 0.9678782224655151, 0.9724162220954895, 0.9762856364250183, 0.9796856045722961], "loss": [1.5449094772338867, 0.5081702470779419, 0.3013255000114441, 0.21012596786022186, 0.15600037574768066, 0.12488005310297012, 0.10332371294498444, 0.08842147141695023, 0.0755661204457283, 0.0654618889093399], "val_accuracy": [0.8178352117538452, 0.898019552230835, 0.9120760560035706, 0.9269291758537292, 0.9431481957435608, 0.9454814195632935, 0.927213728427887, 0.9351809620857239, 0.9597655534744263, 0.9630662202835083], "val_loss": [0.5714561939239502, 0.3290856182575226, 0.2817952036857605, 0.24978011846542358, 0.19143787026405334, 0.19875086843967438, 0.23626087605953217, 0.2267816662788391, 0.14427846670150757, 0.12699976563453674]}