{"accuracy": [0.6810868382453918, 0.8830642104148865, 0.9180454015731812, 0.9345899224281311, 0.9463973045349121, 0.9531688094139099, 0.9572089314460754, 0.9561135172843933, 0.9622306227684021, 0.9641937613487244], "loss": [1.1158963441848755, 0.357817679643631, 0.2484675645828247, 0.19734816253185272, 0.16221104562282562, 0.14085200428962708, 0.13233289122581482, 0.1394207626581192, 0.12118665128946304, 0.1149597018957138], "val_accuracy": [0.850614607334137, 0.896369218826294, 0.9073526263237, 0.9181652665138245, 0.9216936230659485, 0.9352948069572449, 0.9283519387245178, 0.9260186553001404, 0.908490777015686, 0.910254955291748], "val_loss": [0.45328056812286377, 0.3193802833557129, 0.30255579948425293, 0.28555867075920105, 0.2866169512271881, 0.2249206304550171, 0.2506640553474426, 0.27759069204330444, 0.35775622725486755, 0.38639014959335327]}